Economics Principles I,1,2,Lecture,2,4,4
Economics Principles I,1,2,Recitation,2,2,6
Economics Principles II,1,2,Lecture,2,4,4
Economics Principles II,1,2,Recitation,2,2,14
Mathematics for Economists,1,2,Lecture,2,4,2
Mathematics for Economists,1,2,Recitation,2,2,2
Intermediate Microeconomics,1,2,Lecture,2,4,4
Intermediate Microeconomics,1,2,Recitation,2,2,6
Intermediate Macroeconomics,1,2,Lecture,2,4,4
Intermediate Macroeconomics,1,2,Recitation,2,2,7
Macroeconomic Theory and Analysis,1,2,Lecture,2,4,2
Macroeconomic Theory and Analysis,1,2,Recitation,2,2,2
Statistics,1,2,Lecture,2,6,9
Statistics,1,2,Laboratory,2,2,12
Regression and Forecasting Models,1,2,Lecture,2,4,7
Analytical Statistics,1,2,Lecture,2,4,2
Analytical Statistics,1,2,Recitation,2,2,2
Economic History of the U.S.,1,2,Lecture,2,4,2
History of Economic Thought,1,2,Lecture,2,4,2
Ethics and Economics,1,2,Lecture,2,4,2
Game Theory and Strategy,1,2,Lecture,2,4,2
Urban Economics,1,2,Lecture,2,4,4
Money and Banking,1,2,Lecture,2,4,2
Money and Banking,1,2,Recitation,2,2,2
International Economics,1,2,Lecture,2,4,2
International Economics,1,2,Recitation,2,2,2
Gender and Choices,1,2,Lecture,2,4,2
Strategic Decision Theory,1,2,Lecture,2,4,2
Industrial Organization,1,2,Lecture,2,4,2
Market Structure and Performance,1,2,Lecture,2,4,2
Economic Development,1,2,Lecture,2,4,2
Ownership and Corporate Control,1,2,Lecture,2,4,2
Behavioral Economics,1,2,Lecture,2,4,2
Labor Economics,1,2,Lecture,2,4,2
Public Economics,1,2,Lecture,2,4,4
Advanced Micro Theory,1,2,Lecture,2,4,2
Advanced Macroeconomics and Finance,1,2,Lecture,2,4,2
Advanced Macroeconomics and Finance,1,2,Recitation,2,2,2
Financial Economics,1,2,Lecture,2,4,2
Financial Economics,1,2,Recitation,2,2,2
Topics in Applied Economics,1,2,Lecture,2,4,4
Microeconomics,1,2,Lecture,2,4,2
Microeconomics,1,2,Recitation,2,2,2
Mathematics for Economics II,1,2,Lecture,2,4,2
Mathematics for Economics II,1,2,Recitation,2,2,1
Microeconomics II,1,2,Lecture,2,4,2
Microeconomics II,1,2,Laboratory,2,2,2
Macroeconomics II,1,2,Lecture,2,4,2
Macroeconomics II,1,2,Laboratory,2,2,2
Applied Statistics and Econometrics II,1,2,Lecture,3,6,2
Applied Statistics and Econometrics II,1,2,Recitation,2,2,2
Theory of International Trade,1,2,Lecture,2,4,2
Industrial Organization II,1,2,Lecture,2,4,2
Labor Economics II,1,2,Lecture,2,4,2
Financial Economics II,1,2,Lecture,2,4,2
Financial Economics II,1,2,Recitation,2,2,2
Game Theory and Strategy II,1,2,Lecture,2,4,2
Evolution of Economic Thought,1,2,Seminar,3,3,1
Advanced Macroeconomics II,1,2,Lecture,2,4,2
Advanced Macroeconomics II,1,2,Recitation,2,2,2
Reading and Research in Economics,1,2,Seminar,3,3,1
Topics in Economics,1,2,Seminar,3,3,1
