Economics Principles I,Lecture,2
Economics Principles I,Lecture,2
Economics Principles I,Lecture,2
Economics Principles I,Lecture,2
Economics Principles I,Recitation,2
Economics Principles I,Recitation,2
Economics Principles I,Recitation,2
Economics Principles I,Recitation,2
Economics Principles I,Recitation,2
Economics Principles I,Recitation,2
Economics Principles II,Lecture,2
Economics Principles II,Lecture,2
Economics Principles II,Lecture,2
Economics Principles II,Lecture,2
Economics Principles II,Recitation,2
Economics Principles II,Recitation,2
Economics Principles II,Recitation,2
Economics Principles II,Recitation,2
Economics Principles II,Recitation,2
Economics Principles II,Recitation,2
Economics Principles II,Recitation,2
Economics Principles II,Recitation,2
Economics Principles II,Recitation,2
Economics Principles II,Recitation,2
Economics Principles II,Recitation,2
Economics Principles II,Recitation,2
Economics Principles II,Recitation,2
Economics Principles II,Recitation,2
Mathematics for Economists,Lecture,2
Mathematics for Economists,Lecture,2
Mathematics for Economists,Recitation,2
Mathematics for Economists,Recitation,2
Intermediate Microeconomics,Lecture,2
Intermediate Microeconomics,Lecture,2
Intermediate Microeconomics,Lecture,2
Intermediate Microeconomics,Lecture,2
Intermediate Microeconomics,Recitation,2
Intermediate Microeconomics,Recitation,2
Intermediate Microeconomics,Recitation,2
Intermediate Microeconomics,Recitation,2
Intermediate Microeconomics,Recitation,2
Intermediate Microeconomics,Recitation,2
Intermediate Macroeconomics,Lecture,2
Intermediate Macroeconomics,Lecture,2
Intermediate Macroeconomics,Lecture,2
Intermediate Macroeconomics,Lecture,2
Intermediate Macroeconomics,Recitation,2
Intermediate Macroeconomics,Recitation,2
Intermediate Macroeconomics,Recitation,2
Intermediate Macroeconomics,Recitation,2
Intermediate Macroeconomics,Recitation,2
Intermediate Macroeconomics,Recitation,2
Intermediate Macroeconomics,Recitation,2
Macroeconomic Theory and Analysis,Lecture,2
Macroeconomic Theory and Analysis,Lecture,2
Macroeconomic Theory and Analysis,Recitation,2
Macroeconomic Theory and Analysis,Recitation,2
Statistics,Lecture,2
Statistics,Lecture,2
Statistics,Lecture,2
Statistics,Lecture,2
Statistics,Lecture,2
Statistics,Lecture,2
Statistics,Lecture,2
Statistics,Lecture,2
Statistics,Lecture,2
Statistics,Laboratory,2
Statistics,Laboratory,2
Statistics,Laboratory,2
Statistics,Laboratory,2
Statistics,Laboratory,2
Statistics,Laboratory,2
Statistics,Laboratory,2
Statistics,Laboratory,2
Statistics,Laboratory,2
Statistics,Laboratory,2
Statistics,Laboratory,2
Statistics,Laboratory,2
Regression and Forecasting Models,Lecture,2
Regression and Forecasting Models,Lecture,2
Regression and Forecasting Models,Lecture,2
Regression and Forecasting Models,Lecture,2
Regression and Forecasting Models,Lecture,2
Regression and Forecasting Models,Lecture,2
Regression and Forecasting Models,Lecture,2
Analytical Statistics,Lecture,2
Analytical Statistics,Lecture,2
Analytical Statistics,Recitation,2
Analytical Statistics,Recitation,2
Economic History of the U.S.,Lecture,2
Economic History of the U.S.,Lecture,2
History of Economic Thought,Lecture,2
History of Economic Thought,Lecture,2
Ethics and Economics,Lecture,2
Ethics and Economics,Lecture,2
Game Theory and Strategy,Lecture,2
Game Theory and Strategy,Lecture,2
Urban Economics,Lecture,2
Urban Economics,Lecture,2
Urban Economics,Lecture,2
Urban Economics,Lecture,2
Money and Banking,Lecture,2
Money and Banking,Lecture,2
Money and Banking,Recitation,2
Money and Banking,Recitation,2
International Economics,Lecture,2
International Economics,Lecture,2
International Economics,Recitation,2
International Economics,Recitation,2
Gender and Choices,Lecture,2
Gender and Choices,Lecture,2
Strategic Decision Theory,Lecture,2
Strategic Decision Theory,Lecture,2
Industrial Organization,Lecture,2
Industrial Organization,Lecture,2
Market Structure and Performance,Lecture,2
Market Structure and Performance,Lecture,2
Economic Development,Lecture,2
Economic Development,Lecture,2
Ownership and Corporate Control,Lecture,2
Ownership and Corporate Control,Lecture,2
Behavioral Economics,Lecture,2
Behavioral Economics,Lecture,2
Labor Economics,Lecture,2
Labor Economics,Lecture,2
Public Economics,Lecture,2
Public Economics,Lecture,2
Public Economics,Lecture,2
Public Economics,Lecture,2
Advanced Micro Theory,Lecture,2
Advanced Micro Theory,Lecture,2
Advanced Macroeconomics and Finance,Lecture,2
Advanced Macroeconomics and Finance,Lecture,2
Advanced Macroeconomics and Finance,Recitation,2
Advanced Macroeconomics and Finance,Recitation,2
Financial Economics,Lecture,2
Financial Economics,Lecture,2
Financial Economics,Recitation,2
Financial Economics,Recitation,2
Topics in Applied Economics,Lecture,4
Microeconomics,Lecture,2
Microeconomics,Lecture,2
Microeconomics,Recitation,2
Microeconomics,Recitation,2
Mathematics for Economics II,Lecture,2
Mathematics for Economics II,Lecture,2
Mathematics for Economics II,Laboratory,2
Microeconomics II,Lecture,2
Microeconomics II,Lecture,2
Microeconomics II,Laboratory,2
Microeconomics II,Laboratory,2
Macroeconomics II,Lecture,2
Macroeconomics II,Lecture,2
Macroeconomics II,Laboratory,2
Macroeconomics II,Laboratory,2
Applied Statistics and Econometrics II,Lecture,3
Applied Statistics and Econometrics II,Lecture,3
Applied Statistics and Econometrics II,Recitation,2
Applied Statistics and Econometrics II,Recitation,2
Theory of International Trade,Lecture,2
Theory of International Trade,Lecture,2
Industrial Organization II,Lecture,2
Industrial Organization II,Lecture,2
Labor Economics II,Lecture,2
Labor Economics II,Lecture,2
Financial Economics II,Lecture,2
Financial Economics II,Lecture,2
Financial Economics II,Recitation,2
Financial Economics II,Recitation,2
Game Theory and Strategy II,Lecture,2
Evolution of Economic Thought,Seminar,3
Advanced Macroeconomics II,Lecture,2
Advanced Macroeconomics II,Lecture,2
Advanced Macroeconomics II,Recitation,2
Advanced Macroeconomics II,Recitation,2
Reading and Research in Economics,Seminar,3
Topics in Economics,Seminar,3